keyword,volume,position,kd,cpc,traffic,cluster,brand,model,region,intent,priority_score,url,suggested_url,suggested_title,suggested_meta_description,recommended_action
western refrigeration pvt ltd,,,,,,Other,Western,,,General,,,/refrigeration/gujarat,Western Commercial Refrigeration – Best Price in Gujarat (સેવા અને સપોર્ટ),"Buy Western Other in Gujarat and across Gujarat. Trusted by leading brands. Fast delivery, on-site installation, and warranty support. ગુજરાતમાં શ્રેષ્ઠ ભાવ. અગ્રણી બ્રાન્ડ્સ વિશ્વાસપૂર્વક ઉપયોગ કરે છે.",Create new page (use suggested_url/title/meta)
western refrigeration,,,,,,Other,Western,,,General,,,/refrigeration/gujarat,Western Commercial Refrigeration – Best Price in Gujarat (સેવા અને સપોર્ટ),"Buy Western Other in Gujarat and across Gujarat. Trusted by leading brands. Fast delivery, on-site installation, and warranty support. ગુજરાતમાં શ્રેષ્ઠ ભાવ. અગ્રણી બ્રાન્ડ્સ વિશ્વાસપૂર્વક ઉપયોગ કરે છે.",Create new page (use suggested_url/title/meta)
deep freezer,,,,,,Deep Freezer,,,,General,,,/deep-freezer/gujarat,Deep Freezer – Best Price in Gujarat (સેવા અને સપોર્ટ),"Buy Deep Freezer in Gujarat and across Gujarat. Trusted by leading brands. Fast delivery, on-site installation, and warranty support. ગુજરાતમાં શ્રેષ્ઠ ભાવ. અગ્રણી બ્રાન્ડ્સ વિશ્વાસપૂર્વક ઉપયોગ કરે છે.",Create new page (use suggested_url/title/meta)
western,,,,,,Other,Western,,,General,,,/refrigeration/gujarat,Western Commercial Refrigeration – Best Price in Gujarat (સેવા અને સપોર્ટ),"Buy Western Other in Gujarat and across Gujarat. Trusted by leading brands. Fast delivery, on-site installation, and warranty support. ગુજરાતમાં શ્રેષ્ઠ ભાવ. અગ્રણી બ્રાન્ડ્સ વિશ્વાસપૂર્વક ઉપયોગ કરે છે.",Create new page (use suggested_url/title/meta)
western fridge,,,,,,Other,Western,,,General,,,/refrigeration/gujarat,Western Commercial Refrigeration – Best Price in Gujarat (સેવા અને સપોર્ટ),"Buy Western Other in Gujarat and across Gujarat. Trusted by leading brands. Fast delivery, on-site installation, and warranty support. ગુજરાતમાં શ્રેષ્ઠ ભાવ. અગ્રણી બ્રાન્ડ્સ વિશ્વાસપૂર્વક ઉપયોગ કરે છે.",Create new page (use suggested_url/title/meta)
western deep freezer,,,,,,Deep Freezer,Western,,,General,,,/deep-freezer/gujarat,Western Deep Freezer – Best Price in Gujarat (સેવા અને સપોર્ટ),"Buy Western Deep Freezer in Gujarat and across Gujarat. Trusted by leading brands. Fast delivery, on-site installation, and warranty support. ગુજરાતમાં શ્રેષ્ઠ ભાવ. અગ્રણી બ્રાન્ડ્સ વિશ્વાસપૂર્વક ઉપયોગ કરે છે.",Create new page (use suggested_url/title/meta)
water cooler,,,,,,Water Cooler,,,,General,,,/water-cooler/gujarat,Water Cooler – Best Price in Gujarat (સેવા અને સપોર્ટ),"Buy Water Cooler in Gujarat and across Gujarat. Trusted by leading brands. Fast delivery, on-site installation, and warranty support. ગુજરાતમાં શ્રેષ્ઠ ભાવ. અગ્રણી બ્રાન્ડ્સ વિશ્વાસપૂર્વક ઉપયોગ કરે છે.",Create new page (use suggested_url/title/meta)
freezer,,,,,,Deep Freezer,,,,General,,,/deep-freezer/gujarat,Deep Freezer – Best Price in Gujarat (સેવા અને સપોર્ટ),"Buy Deep Freezer in Gujarat and across Gujarat. Trusted by leading brands. Fast delivery, on-site installation, and warranty support. ગુજરાતમાં શ્રેષ્ઠ ભાવ. અગ્રણી બ્રાન્ડ્સ વિશ્વાસપૂર્વક ઉપયોગ કરે છે.",Create new page (use suggested_url/title/meta)
freezer price,,,,,,Deep Freezer,,,,Price,,,/deep-freezer/gujarat,Deep Freezer – Best Price in Gujarat (સર્વશ્રેષ્ઠ ભાવ),"Buy Deep Freezer in Gujarat and across Gujarat. Trusted by leading brands. Fast delivery, on-site installation, and warranty support. ગુજરાતમાં શ્રેષ્ઠ ભાવ. અગ્રણી બ્રાન્ડ્સ વિશ્વાસપૂર્વક ઉપયોગ કરે છે.",Create new page (use suggested_url/title/meta)
western freezer,,,,,,Deep Freezer,Western,,,General,,,/deep-freezer/gujarat,Western Deep Freezer – Best Price in Gujarat (સેવા અને સપોર્ટ),"Buy Western Deep Freezer in Gujarat and across Gujarat. Trusted by leading brands. Fast delivery, on-site installation, and warranty support. ગુજરાતમાં શ્રેષ્ઠ ભાવ. અગ્રણી બ્રાન્ડ્સ વિશ્વાસપૂર્વક ઉપયોગ કરે છે.",Create new page (use suggested_url/title/meta)
visi cooler,,,,,,Visi Cooler,,,,General,,,/visi-cooler/gujarat,Visi Cooler – Best Price in Gujarat (સેવા અને સપોર્ટ),"Buy Visi Cooler in Gujarat and across Gujarat. Trusted by leading brands. Fast delivery, on-site installation, and warranty support. ગુજરાતમાં શ્રેષ્ઠ ભાવ. અગ્રણી બ્રાન્ડ્સ વિશ્વાસપૂર્વક ઉપયોગ કરે છે.",Create new page (use suggested_url/title/meta)
western customer care number,,,,,,Other,Western,,,General,,,/refrigeration/gujarat,Western Commercial Refrigeration – Best Price in Gujarat (સેવા અને સપોર્ટ),"Buy Western Other in Gujarat and across Gujarat. Trusted by leading brands. Fast delivery, on-site installation, and warranty support. ગુજરાતમાં શ્રેષ્ઠ ભાવ. અગ્રણી બ્રાન્ડ્સ વિશ્વાસપૂર્વક ઉપયોગ કરે છે.",Create new page (use suggested_url/title/meta)
deep freezer 500 ltr price,,,,,,Deep Freezer,,,,Price,,,/deep-freezer/gujarat,Deep Freezer – Best Price in Gujarat (સર્વશ્રેષ્ઠ ભાવ),"Buy Deep Freezer in Gujarat and across Gujarat. Trusted by leading brands. Fast delivery, on-site installation, and warranty support. ગુજરાતમાં શ્રેષ્ઠ ભાવ. અગ્રણી બ્રાન્ડ્સ વિશ્વાસપૂર્વક ઉપયોગ કરે છે.",Create new page (use suggested_url/title/meta)
cold drink fridge,,,,,,Other,,,,General,,,/refrigeration/gujarat,Commercial Refrigeration – Best Price in Gujarat (સેવા અને સપોર્ટ),"Buy Other in Gujarat and across Gujarat. Trusted by leading brands. Fast delivery, on-site installation, and warranty support. ગુજરાતમાં શ્રેષ્ઠ ભાવ. અગ્રણી બ્રાન્ડ્સ વિશ્વાસપૂર્વક ઉપયોગ કરે છે.",Create new page (use suggested_url/title/meta)
deep fridge price,,,,,,Other,,,,Price,,,/refrigeration/gujarat,Commercial Refrigeration – Best Price in Gujarat (સર્વશ્રેષ્ઠ ભાવ),"Buy Other in Gujarat and across Gujarat. Trusted by leading brands. Fast delivery, on-site installation, and warranty support. ગુજરાતમાં શ્રેષ્ઠ ભાવ. અગ્રણી બ્રાન્ડ્સ વિશ્વાસપૂર્વક ઉપયોગ કરે છે.",Create new page (use suggested_url/title/meta)
refrigerator for shop,,,,,,Other,,,,Commercial,,,/refrigeration/gujarat,Commercial Refrigeration – Best Price in Gujarat (સર્વશ્રેષ્ઠ ભાવ),"Buy Other in Gujarat and across Gujarat. Trusted by leading brands. Fast delivery, on-site installation, and warranty support. ગુજરાતમાં શ્રેષ્ઠ ભાવ. અગ્રણી બ્રાન્ડ્સ વિશ્વાસપૂર્વક ઉપયોગ કરે છે.",Create new page (use suggested_url/title/meta)
western refrigerator,,,,,,Other,Western,,,General,,,/refrigeration/gujarat,Western Commercial Refrigeration – Best Price in Gujarat (સેવા અને સપોર્ટ),"Buy Western Other in Gujarat and across Gujarat. Trusted by leading brands. Fast delivery, on-site installation, and warranty support. ગુજરાતમાં શ્રેષ્ઠ ભાવ. અગ્રણી બ્રાન્ડ્સ વિશ્વાસપૂર્વક ઉપયોગ કરે છે.",Create new page (use suggested_url/title/meta)
western refrigeration customer care number,,,,,,Other,Western,,,General,,,/refrigeration/gujarat,Western Commercial Refrigeration – Best Price in Gujarat (સેવા અને સપોર્ટ),"Buy Western Other in Gujarat and across Gujarat. Trusted by leading brands. Fast delivery, on-site installation, and warranty support. ગુજરાતમાં શ્રેષ્ઠ ભાવ. અગ્રણી બ્રાન્ડ્સ વિશ્વાસપૂર્વક ઉપયોગ કરે છે.",Create new page (use suggested_url/title/meta)
display fridge,,,,,,Other,,,,General,,,/refrigeration/gujarat,Commercial Refrigeration – Best Price in Gujarat (સેવા અને સપોર્ટ),"Buy Other in Gujarat and across Gujarat. Trusted by leading brands. Fast delivery, on-site installation, and warranty support. ગુજરાતમાં શ્રેષ્ઠ ભાવ. અગ્રણી બ્રાન્ડ્સ વિશ્વાસપૂર્વક ઉપયોગ કરે છે.",Create new page (use suggested_url/title/meta)
visi cooler fridge,,,,,,Visi Cooler,,,,General,,,/visi-cooler/gujarat,Visi Cooler – Best Price in Gujarat (સેવા અને સપોર્ટ),"Buy Visi Cooler in Gujarat and across Gujarat. Trusted by leading brands. Fast delivery, on-site installation, and warranty support. ગુજરાતમાં શ્રેષ્ઠ ભાવ. અગ્રણી બ્રાન્ડ્સ વિશ્વાસપૂર્વક ઉપયોગ કરે છે.",Create new page (use suggested_url/title/meta)
d fridge,,,,,,Other,,,,General,,,/refrigeration/gujarat,Commercial Refrigeration – Best Price in Gujarat (સેવા અને સપોર્ટ),"Buy Other in Gujarat and across Gujarat. Trusted by leading brands. Fast delivery, on-site installation, and warranty support. ગુજરાતમાં શ્રેષ્ઠ ભાવ. અગ્રણી બ્રાન્ડ્સ વિશ્વાસપૂર્વક ઉપયોગ કરે છે.",Create new page (use suggested_url/title/meta)
western display fridge,,,,,,Other,Western,,,General,,,/refrigeration/gujarat,Western Commercial Refrigeration – Best Price in Gujarat (સેવા અને સપોર્ટ),"Buy Western Other in Gujarat and across Gujarat. Trusted by leading brands. Fast delivery, on-site installation, and warranty support. ગુજરાતમાં શ્રેષ્ઠ ભાવ. અગ્રણી બ્રાન્ડ્સ વિશ્વાસપૂર્વક ઉપયોગ કરે છે.",Create new page (use suggested_url/title/meta)
western visi cooler,,,,,,Visi Cooler,Western,,,General,,,/visi-cooler/gujarat,Western Visi Cooler – Best Price in Gujarat (સેવા અને સપોર્ટ),"Buy Western Visi Cooler in Gujarat and across Gujarat. Trusted by leading brands. Fast delivery, on-site installation, and warranty support. ગુજરાતમાં શ્રેષ્ઠ ભાવ. અગ્રણી બ્રાન્ડ્સ વિશ્વાસપૂર્વક ઉપયોગ કરે છે.",Create new page (use suggested_url/title/meta)
deep fridge,,,,,,Other,,,,General,,,/refrigeration/gujarat,Commercial Refrigeration – Best Price in Gujarat (સેવા અને સપોર્ટ),"Buy Other in Gujarat and across Gujarat. Trusted by leading brands. Fast delivery, on-site installation, and warranty support. ગુજરાતમાં શ્રેષ્ઠ ભાવ. અગ્રણી બ્રાન્ડ્સ વિશ્વાસપૂર્વક ઉપયોગ કરે છે.",Create new page (use suggested_url/title/meta)
deep freezer price,,,,,,Deep Freezer,,,,Price,,,/deep-freezer/gujarat,Deep Freezer – Best Price in Gujarat (સર્વશ્રેષ્ઠ ભાવ),"Buy Deep Freezer in Gujarat and across Gujarat. Trusted by leading brands. Fast delivery, on-site installation, and warranty support. ગુજરાતમાં શ્રેષ્ઠ ભાવ. અગ્રણી બ્રાન્ડ્સ વિશ્વાસપૂર્વક ઉપયોગ કરે છે.",Create new page (use suggested_url/title/meta)
water cooler machine,,,,,,Water Cooler,,,,General,,,/water-cooler/gujarat,Water Cooler – Best Price in Gujarat (સેવા અને સપોર્ટ),"Buy Water Cooler in Gujarat and across Gujarat. Trusted by leading brands. Fast delivery, on-site installation, and warranty support. ગુજરાતમાં શ્રેષ્ઠ ભાવ. અગ્રણી બ્રાન્ડ્સ વિશ્વાસપૂર્વક ઉપયોગ કરે છે.",Create new page (use suggested_url/title/meta)
glass door fridge,,,,,,Other,,,,General,,,/refrigeration/gujarat,Commercial Refrigeration – Best Price in Gujarat (સેવા અને સપોર્ટ),"Buy Other in Gujarat and across Gujarat. Trusted by leading brands. Fast delivery, on-site installation, and warranty support. ગુજરાતમાં શ્રેષ્ઠ ભાવ. અગ્રણી બ્રાન્ડ્સ વિશ્વાસપૂર્વક ઉપયોગ કરે છે.",Create new page (use suggested_url/title/meta)
small deep freezer,,,,,,Deep Freezer,,,,General,,,/deep-freezer/gujarat,Deep Freezer – Best Price in Gujarat (સેવા અને સપોર્ટ),"Buy Deep Freezer in Gujarat and across Gujarat. Trusted by leading brands. Fast delivery, on-site installation, and warranty support. ગુજરાતમાં શ્રેષ્ઠ ભાવ. અગ્રણી બ્રાન્ડ્સ વિશ્વાસપૂર્વક ઉપયોગ કરે છે.",Create new page (use suggested_url/title/meta)
ice maker,,,,,,Ice Machine,,,,General,,,/ice-machine/gujarat,Ice Machine – Best Price in Gujarat (સેવા અને સપોર્ટ),"Buy Ice Machine in Gujarat and across Gujarat. Trusted by leading brands. Fast delivery, on-site installation, and warranty support. ગુજરાતમાં શ્રેષ્ઠ ભાવ. અગ્રણી બ્રાન્ડ્સ વિશ્વાસપૂર્વક ઉપયોગ કરે છે.",Create new page (use suggested_url/title/meta)
deep freezer 300 ltr price,,,,,,Deep Freezer,,,,Price,,,/deep-freezer/gujarat,Deep Freezer – Best Price in Gujarat (સર્વશ્રેષ્ઠ ભાવ),"Buy Deep Freezer in Gujarat and across Gujarat. Trusted by leading brands. Fast delivery, on-site installation, and warranty support. ગુજરાતમાં શ્રેષ્ઠ ભાવ. અગ્રણી બ્રાન્ડ્સ વિશ્વાસપૂર્વક ઉપયોગ કરે છે.",Create new page (use suggested_url/title/meta)
western company,,,,,,Other,Western,,,General,,,/refrigeration/gujarat,Western Commercial Refrigeration – Best Price in Gujarat (સેવા અને સપોર્ટ),"Buy Western Other in Gujarat and across Gujarat. Trusted by leading brands. Fast delivery, on-site installation, and warranty support. ગુજરાતમાં શ્રેષ્ઠ ભાવ. અગ્રણી બ્રાન્ડ્સ વિશ્વાસપૂર્વક ઉપયોગ કરે છે.",Create new page (use suggested_url/title/meta)
ice cube machine,,,,,,Ice Machine,,,,General,,,/ice-machine/gujarat,Ice Machine – Best Price in Gujarat (સેવા અને સપોર્ટ),"Buy Ice Machine in Gujarat and across Gujarat. Trusted by leading brands. Fast delivery, on-site installation, and warranty support. ગુજરાતમાં શ્રેષ્ઠ ભાવ. અગ્રણી બ્રાન્ડ્સ વિશ્વાસપૂર્વક ઉપયોગ કરે છે.",Create new page (use suggested_url/title/meta)
western cooler,,,,,,Visi Cooler,Western,,,General,,,/visi-cooler/gujarat,Western Visi Cooler – Best Price in Gujarat (સેવા અને સપોર્ટ),"Buy Western Visi Cooler in Gujarat and across Gujarat. Trusted by leading brands. Fast delivery, on-site installation, and warranty support. ગુજરાતમાં શ્રેષ્ઠ ભાવ. અગ્રણી બ્રાન્ડ્સ વિશ્વાસપૂર્વક ઉપયોગ કરે છે.",Create new page (use suggested_url/title/meta)
western fridge 500 litre price,,,,,,Other,Western,,,Price,,,/refrigeration/gujarat,Western Commercial Refrigeration – Best Price in Gujarat (સર્વશ્રેષ્ઠ ભાવ),"Buy Western Other in Gujarat and across Gujarat. Trusted by leading brands. Fast delivery, on-site installation, and warranty support. ગુજરાતમાં શ્રેષ્ઠ ભાવ. અગ્રણી બ્રાન્ડ્સ વિશ્વાસપૂર્વક ઉપયોગ કરે છે.",Create new page (use suggested_url/title/meta)
western deep freezer 500 ltr price,,,,,,Deep Freezer,Western,,,Price,,,/deep-freezer/gujarat,Western Deep Freezer – Best Price in Gujarat (સર્વશ્રેષ્ઠ ભાવ),"Buy Western Deep Freezer in Gujarat and across Gujarat. Trusted by leading brands. Fast delivery, on-site installation, and warranty support. ગુજરાતમાં શ્રેષ્ઠ ભાવ. અગ્રણી બ્રાન્ડ્સ વિશ્વાસપૂર્વક ઉપયોગ કરે છે.",Create new page (use suggested_url/title/meta)
western freezer customer care number,,,,,,Deep Freezer,Western,,,General,,,/deep-freezer/gujarat,Western Deep Freezer – Best Price in Gujarat (સેવા અને સપોર્ટ),"Buy Western Deep Freezer in Gujarat and across Gujarat. Trusted by leading brands. Fast delivery, on-site installation, and warranty support. ગુજરાતમાં શ્રેષ્ઠ ભાવ. અગ્રણી બ્રાન્ડ્સ વિશ્વાસપૂર્વક ઉપયોગ કરે છે.",Create new page (use suggested_url/title/meta)
western fridge price,,,,,,Other,Western,,,Price,,,/refrigeration/gujarat,Western Commercial Refrigeration – Best Price in Gujarat (સર્વશ્રેષ્ઠ ભાવ),"Buy Western Other in Gujarat and across Gujarat. Trusted by leading brands. Fast delivery, on-site installation, and warranty support. ગુજરાતમાં શ્રેષ્ઠ ભાવ. અગ્રણી બ્રાન્ડ્સ વિશ્વાસપૂર્વક ઉપયોગ કરે છે.",Create new page (use suggested_url/title/meta)
ice cube maker,,,,,,Ice Machine,,,,General,,,/ice-machine/gujarat,Ice Machine – Best Price in Gujarat (સેવા અને સપોર્ટ),"Buy Ice Machine in Gujarat and across Gujarat. Trusted by leading brands. Fast delivery, on-site installation, and warranty support. ગુજરાતમાં શ્રેષ્ઠ ભાવ. અગ્રણી બ્રાન્ડ્સ વિશ્વાસપૂર્વક ઉપયોગ કરે છે.",Create new page (use suggested_url/title/meta)
deep freezer 200 ltr price,,,,,,Deep Freezer,,,,Price,,,/deep-freezer/gujarat,Deep Freezer – Best Price in Gujarat (સર્વશ્રેષ્ઠ ભાવ),"Buy Deep Freezer in Gujarat and across Gujarat. Trusted by leading brands. Fast delivery, on-site installation, and warranty support. ગુજરાતમાં શ્રેષ્ઠ ભાવ. અગ્રણી બ્રાન્ડ્સ વિશ્વાસપૂર્વક ઉપયોગ કરે છે.",Create new page (use suggested_url/title/meta)
commercial fridge,,,,,,Other,,,,General,,,/refrigeration/gujarat,Commercial Refrigeration – Best Price in Gujarat (સેવા અને સપોર્ટ),"Buy Other in Gujarat and across Gujarat. Trusted by leading brands. Fast delivery, on-site installation, and warranty support. ગુજરાતમાં શ્રેષ્ઠ ભાવ. અગ્રણી બ્રાન્ડ્સ વિશ્વાસપૂર્વક ઉપયોગ કરે છે.",Create new page (use suggested_url/title/meta)
d fridge price,,,,,,Other,,,,Price,,,/refrigeration/gujarat,Commercial Refrigeration – Best Price in Gujarat (સર્વશ્રેષ્ઠ ભાવ),"Buy Other in Gujarat and across Gujarat. Trusted by leading brands. Fast delivery, on-site installation, and warranty support. ગુજરાતમાં શ્રેષ્ઠ ભાવ. અગ્રણી બ્રાન્ડ્સ વિશ્વાસપૂર્વક ઉપયોગ કરે છે.",Create new page (use suggested_url/title/meta)
glass fridge,,,,,,Other,,,,General,,,/refrigeration/gujarat,Commercial Refrigeration – Best Price in Gujarat (સેવા અને સપોર્ટ),"Buy Other in Gujarat and across Gujarat. Trusted by leading brands. Fast delivery, on-site installation, and warranty support. ગુજરાતમાં શ્રેષ્ઠ ભાવ. અગ્રણી બ્રાન્ડ્સ વિશ્વાસપૂર્વક ઉપયોગ કરે છે.",Create new page (use suggested_url/title/meta)
chest freezer,,,,,,Deep Freezer,,,,General,,,/deep-freezer/gujarat,Deep Freezer – Best Price in Gujarat (સેવા અને સપોર્ટ),"Buy Deep Freezer in Gujarat and across Gujarat. Trusted by leading brands. Fast delivery, on-site installation, and warranty support. ગુજરાતમાં શ્રેષ્ઠ ભાવ. અગ્રણી બ્રાન્ડ્સ વિશ્વાસપૂર્વક ઉપયોગ કરે છે.",Create new page (use suggested_url/title/meta)
deep freezer 100 ltr price,,,,,,Deep Freezer,,,,Price,,,/deep-freezer/gujarat,Deep Freezer – Best Price in Gujarat (સર્વશ્રેષ્ઠ ભાવ),"Buy Deep Freezer in Gujarat and across Gujarat. Trusted by leading brands. Fast delivery, on-site installation, and warranty support. ગુજરાતમાં શ્રેષ્ઠ ભાવ. અગ્રણી બ્રાન્ડ્સ વિશ્વાસપૂર્વક ઉપયોગ કરે છે.",Create new page (use suggested_url/title/meta)
commercial freezer,,,,,,Deep Freezer,,,,General,,,/deep-freezer/gujarat,Deep Freezer – Best Price in Gujarat (સેવા અને સપોર્ટ),"Buy Deep Freezer in Gujarat and across Gujarat. Trusted by leading brands. Fast delivery, on-site installation, and warranty support. ગુજરાતમાં શ્રેષ્ઠ ભાવ. અગ્રણી બ્રાન્ડ્સ વિશ્વાસપૂર્વક ઉપયોગ કરે છે.",Create new page (use suggested_url/title/meta)
western fridge customer care number,,,,,,Other,Western,,,General,,,/refrigeration/gujarat,Western Commercial Refrigeration – Best Price in Gujarat (સેવા અને સપોર્ટ),"Buy Western Other in Gujarat and across Gujarat. Trusted by leading brands. Fast delivery, on-site installation, and warranty support. ગુજરાતમાં શ્રેષ્ઠ ભાવ. અગ્રણી બ્રાન્ડ્સ વિશ્વાસપૂર્વક ઉપયોગ કરે છે.",Create new page (use suggested_url/title/meta)
western fridge customer care,,,,,,Other,Western,,,General,,,/refrigeration/gujarat,Western Commercial Refrigeration – Best Price in Gujarat (સેવા અને સપોર્ટ),"Buy Western Other in Gujarat and across Gujarat. Trusted by leading brands. Fast delivery, on-site installation, and warranty support. ગુજરાતમાં શ્રેષ્ઠ ભાવ. અગ્રણી બ્રાન્ડ્સ વિશ્વાસપૂર્વક ઉપયોગ કરે છે.",Create new page (use suggested_url/title/meta)
commercial refrigerator,,,,,,Other,,,,General,,,/refrigeration/gujarat,Commercial Refrigeration – Best Price in Gujarat (સેવા અને સપોર્ટ),"Buy Other in Gujarat and across Gujarat. Trusted by leading brands. Fast delivery, on-site installation, and warranty support. ગુજરાતમાં શ્રેષ્ઠ ભાવ. અગ્રણી બ્રાન્ડ્સ વિશ્વાસપૂર્વક ઉપયોગ કરે છે.",Create new page (use suggested_url/title/meta)
western fridge 700 ltr price,,,,,,Other,Western,,,Price,,,/refrigeration/gujarat,Western Commercial Refrigeration – Best Price in Gujarat (સર્વશ્રેષ્ઠ ભાવ),"Buy Western Other in Gujarat and across Gujarat. Trusted by leading brands. Fast delivery, on-site installation, and warranty support. ગુજરાતમાં શ્રેષ્ઠ ભાવ. અગ્રણી બ્રાન્ડ્સ વિશ્વાસપૂર્વક ઉપયોગ કરે છે.",Create new page (use suggested_url/title/meta)
mini deep freezer,,,,,,Deep Freezer,,,,General,,,/deep-freezer/gujarat,Deep Freezer – Best Price in Gujarat (સેવા અને સપોર્ટ),"Buy Deep Freezer in Gujarat and across Gujarat. Trusted by leading brands. Fast delivery, on-site installation, and warranty support. ગુજરાતમાં શ્રેષ્ઠ ભાવ. અગ્રણી બ્રાન્ડ્સ વિશ્વાસપૂર્વક ઉપયોગ કરે છે.",Create new page (use suggested_url/title/meta)
western ice cube machine,,,,,,Ice Machine,Western,,,General,,,/ice-machine/gujarat,Western Ice Machine – Best Price in Gujarat (સેવા અને સપોર્ટ),"Buy Western Ice Machine in Gujarat and across Gujarat. Trusted by leading brands. Fast delivery, on-site installation, and warranty support. ગુજરાતમાં શ્રેષ્ઠ ભાવ. અગ્રણી બ્રાન્ડ્સ વિશ્વાસપૂર્વક ઉપયોગ કરે છે.",Create new page (use suggested_url/title/meta)
western refrigeration private limited,,,,,,Other,Western,,,General,,,/refrigeration/gujarat,Western Commercial Refrigeration – Best Price in Gujarat (સેવા અને સપોર્ટ),"Buy Western Other in Gujarat and across Gujarat. Trusted by leading brands. Fast delivery, on-site installation, and warranty support. ગુજરાતમાં શ્રેષ્ઠ ભાવ. અગ્રણી બ્રાન્ડ્સ વિશ્વાસપૂર્વક ઉપયોગ કરે છે.",Create new page (use suggested_url/title/meta)
fridge for shop,,,,,,Other,,,,Commercial,,,/refrigeration/gujarat,Commercial Refrigeration – Best Price in Gujarat (સર્વશ્રેષ્ઠ ભાવ),"Buy Other in Gujarat and across Gujarat. Trusted by leading brands. Fast delivery, on-site installation, and warranty support. ગુજરાતમાં શ્રેષ્ઠ ભાવ. અગ્રણી બ્રાન્ડ્સ વિશ્વાસપૂર્વક ઉપયોગ કરે છે.",Create new page (use suggested_url/title/meta)
cake display counter,,,,,,Pastry Counter,,,,General,,,/pastry-counter/gujarat,Pastry Counter – Best Price in Gujarat (સેવા અને સપોર્ટ),"Buy Pastry Counter in Gujarat and across Gujarat. Trusted by leading brands. Fast delivery, on-site installation, and warranty support. ગુજરાતમાં શ્રેષ્ઠ ભાવ. અગ્રણી બ્રાન્ડ્સ વિશ્વાસપૂર્વક ઉપયોગ કરે છે.",Create new page (use suggested_url/title/meta)
western customer care toll free number,,,,,,Other,Western,,,General,,,/refrigeration/gujarat,Western Commercial Refrigeration – Best Price in Gujarat (સેવા અને સપોર્ટ),"Buy Western Other in Gujarat and across Gujarat. Trusted by leading brands. Fast delivery, on-site installation, and warranty support. ગુજરાતમાં શ્રેષ્ઠ ભાવ. અગ્રણી બ્રાન્ડ્સ વિશ્વાસપૂર્વક ઉપયોગ કરે છે.",Create new page (use suggested_url/title/meta)
western chiller,,,,,,Other,Western,,,General,,,/refrigeration/gujarat,Western Commercial Refrigeration – Best Price in Gujarat (સેવા અને સપોર્ટ),"Buy Western Other in Gujarat and across Gujarat. Trusted by leading brands. Fast delivery, on-site installation, and warranty support. ગુજરાતમાં શ્રેષ્ઠ ભાવ. અગ્રણી બ્રાન્ડ્સ વિશ્વાસપૂર્વક ઉપયોગ કરે છે.",Create new page (use suggested_url/title/meta)
display refrigerator,,,,,,Other,,,,General,,,/refrigeration/gujarat,Commercial Refrigeration – Best Price in Gujarat (સેવા અને સપોર્ટ),"Buy Other in Gujarat and across Gujarat. Trusted by leading brands. Fast delivery, on-site installation, and warranty support. ગુજરાતમાં શ્રેષ્ઠ ભાવ. અગ્રણી બ્રાન્ડ્સ વિશ્વાસપૂર્વક ઉપયોગ કરે છે.",Create new page (use suggested_url/title/meta)
western pastry cabinet,,,,,,Pastry Counter,Western,,,General,,,/pastry-counter/gujarat,Western Pastry Counter – Best Price in Gujarat (સેવા અને સપોર્ટ),"Buy Western Pastry Counter in Gujarat and across Gujarat. Trusted by leading brands. Fast delivery, on-site installation, and warranty support. ગુજરાતમાં શ્રેષ્ઠ ભાવ. અગ્રણી બ્રાન્ડ્સ વિશ્વાસપૂર્વક ઉપયોગ કરે છે.",Create new page (use suggested_url/title/meta)
western double door fridge,,,,,,Other,Western,,,General,,,/refrigeration/gujarat,Western Commercial Refrigeration – Best Price in Gujarat (સેવા અને સપોર્ટ),"Buy Western Other in Gujarat and across Gujarat. Trusted by leading brands. Fast delivery, on-site installation, and warranty support. ગુજરાતમાં શ્રેષ્ઠ ભાવ. અગ્રણી બ્રાન્ડ્સ વિશ્વાસપૂર્વક ઉપયોગ કરે છે.",Create new page (use suggested_url/title/meta)
western freezer 500 ltr price,,,,,,Deep Freezer,Western,,,Price,,,/deep-freezer/gujarat,Western Deep Freezer – Best Price in Gujarat (સર્વશ્રેષ્ઠ ભાવ),"Buy Western Deep Freezer in Gujarat and across Gujarat. Trusted by leading brands. Fast delivery, on-site installation, and warranty support. ગુજરાતમાં શ્રેષ્ઠ ભાવ. અગ્રણી બ્રાન્ડ્સ વિશ્વાસપૂર્વક ઉપયોગ કરે છે.",Create new page (use suggested_url/title/meta)
western d fridge,,,,,,Other,Western,,,General,,,/refrigeration/gujarat,Western Commercial Refrigeration – Best Price in Gujarat (સેવા અને સપોર્ટ),"Buy Western Other in Gujarat and across Gujarat. Trusted by leading brands. Fast delivery, on-site installation, and warranty support. ગુજરાતમાં શ્રેષ્ઠ ભાવ. અગ્રણી બ્રાન્ડ્સ વિશ્વાસપૂર્વક ઉપયોગ કરે છે.",Create new page (use suggested_url/title/meta)
2nd hand cooler near me,,,,,,Visi Cooler,,,,Commercial,,,/visi-cooler/gujarat,Visi Cooler – Best Price in Gujarat (સર્વશ્રેષ્ઠ ભાવ),"Buy Visi Cooler in Gujarat and across Gujarat. Trusted by leading brands. Fast delivery, on-site installation, and warranty support. ગુજરાતમાં શ્રેષ્ઠ ભાવ. અગ્રણી બ્રાન્ડ્સ વિશ્વાસપૂર્વક ઉપયોગ કરે છે.",Create new page (use suggested_url/title/meta)
visi cooler price,,,,,,Visi Cooler,,,,Price,,,/visi-cooler/gujarat,Visi Cooler – Best Price in Gujarat (સર્વશ્રેષ્ઠ ભાવ),"Buy Visi Cooler in Gujarat and across Gujarat. Trusted by leading brands. Fast delivery, on-site installation, and warranty support. ગુજરાતમાં શ્રેષ્ઠ ભાવ. અગ્રણી બ્રાન્ડ્સ વિશ્વાસપૂર્વક ઉપયોગ કરે છે.",Create new page (use suggested_url/title/meta)
freezer for shop,,,,,,Deep Freezer,,,,Commercial,,,/deep-freezer/gujarat,Deep Freezer – Best Price in Gujarat (સર્વશ્રેષ્ઠ ભાવ),"Buy Deep Freezer in Gujarat and across Gujarat. Trusted by leading brands. Fast delivery, on-site installation, and warranty support. ગુજરાતમાં શ્રેષ્ઠ ભાવ. અગ્રણી બ્રાન્ડ્સ વિશ્વાસપૂર્વક ઉપયોગ કરે છે.",Create new page (use suggested_url/title/meta)
western toll free number,,,,,,Other,Western,,,General,,,/refrigeration/gujarat,Western Commercial Refrigeration – Best Price in Gujarat (સેવા અને સપોર્ટ),"Buy Western Other in Gujarat and across Gujarat. Trusted by leading brands. Fast delivery, on-site installation, and warranty support. ગુજરાતમાં શ્રેષ્ઠ ભાવ. અગ્રણી બ્રાન્ડ્સ વિશ્વાસપૂર્વક ઉપયોગ કરે છે.",Create new page (use suggested_url/title/meta)
single door deep freezer,,,,,,Deep Freezer,,,,General,,,/deep-freezer/gujarat,Deep Freezer – Best Price in Gujarat (સેવા અને સપોર્ટ),"Buy Deep Freezer in Gujarat and across Gujarat. Trusted by leading brands. Fast delivery, on-site installation, and warranty support. ગુજરાતમાં શ્રેષ્ઠ ભાવ. અગ્રણી બ્રાન્ડ્સ વિશ્વાસપૂર્વક ઉપયોગ કરે છે.",Create new page (use suggested_url/title/meta)
commercial refrigerator for shop,,,,,,Other,,,,Commercial,,,/refrigeration/gujarat,Commercial Refrigeration – Best Price in Gujarat (સર્વશ્રેષ્ઠ ભાવ),"Buy Other in Gujarat and across Gujarat. Trusted by leading brands. Fast delivery, on-site installation, and warranty support. ગુજરાતમાં શ્રેષ્ઠ ભાવ. અગ્રણી બ્રાન્ડ્સ વિશ્વાસપૂર્વક ઉપયોગ કરે છે.",Create new page (use suggested_url/title/meta)
display freezer,,,,,,Deep Freezer,,,,General,,,/deep-freezer/gujarat,Deep Freezer – Best Price in Gujarat (સેવા અને સપોર્ટ),"Buy Deep Freezer in Gujarat and across Gujarat. Trusted by leading brands. Fast delivery, on-site installation, and warranty support. ગુજરાતમાં શ્રેષ્ઠ ભાવ. અગ્રણી બ્રાન્ડ્સ વિશ્વાસપૂર્વક ઉપયોગ કરે છે.",Create new page (use suggested_url/title/meta)
d freezer 500 litre price,,,,,,Deep Freezer,,,,Price,,,/deep-freezer/gujarat,Deep Freezer – Best Price in Gujarat (સર્વશ્રેષ્ઠ ભાવ),"Buy Deep Freezer in Gujarat and across Gujarat. Trusted by leading brands. Fast delivery, on-site installation, and warranty support. ગુજરાતમાં શ્રેષ્ઠ ભાવ. અગ્રણી બ્રાન્ડ્સ વિશ્વાસપૂર્વક ઉપયોગ કરે છે.",Create new page (use suggested_url/title/meta)
western company bangalore,,,,,,Other,Western,,,General,,,/refrigeration/gujarat,Western Commercial Refrigeration – Best Price in Gujarat (સેવા અને સપોર્ટ),"Buy Western Other in Gujarat and across Gujarat. Trusted by leading brands. Fast delivery, on-site installation, and warranty support. ગુજરાતમાં શ્રેષ્ઠ ભાવ. અગ્રણી બ્રાન્ડ્સ વિશ્વાસપૂર્વક ઉપયોગ કરે છે.",Create new page (use suggested_url/title/meta)
visi cooler western,,,,,,Visi Cooler,Western,,,General,,,/visi-cooler/gujarat,Western Visi Cooler – Best Price in Gujarat (સેવા અને સપોર્ટ),"Buy Western Visi Cooler in Gujarat and across Gujarat. Trusted by leading brands. Fast delivery, on-site installation, and warranty support. ગુજરાતમાં શ્રેષ્ઠ ભાવ. અગ્રણી બ્રાન્ડ્સ વિશ્વાસપૂર્વક ઉપયોગ કરે છે.",Create new page (use suggested_url/title/meta)
western equipment,,,,,,Other,Western,,,General,,,/refrigeration/gujarat,Western Commercial Refrigeration – Best Price in Gujarat (સેવા અને સપોર્ટ),"Buy Western Other in Gujarat and across Gujarat. Trusted by leading brands. Fast delivery, on-site installation, and warranty support. ગુજરાતમાં શ્રેષ્ઠ ભાવ. અગ્રણી બ્રાન્ડ્સ વિશ્વાસપૂર્વક ઉપયોગ કરે છે.",Create new page (use suggested_url/title/meta)
commercial dishwasher,,,,,,Other,,,,General,,,/refrigeration/gujarat,Commercial Refrigeration – Best Price in Gujarat (સેવા અને સપોર્ટ),"Buy Other in Gujarat and across Gujarat. Trusted by leading brands. Fast delivery, on-site installation, and warranty support. ગુજરાતમાં શ્રેષ્ઠ ભાવ. અગ્રણી બ્રાન્ડ્સ વિશ્વાસપૂર્વક ઉપયોગ કરે છે.",Create new page (use suggested_url/title/meta)
western refrigeration pvt ltd silvassa,,,,,,Other,Western,,,General,,,/refrigeration/gujarat,Western Commercial Refrigeration – Best Price in Gujarat (સેવા અને સપોર્ટ),"Buy Western Other in Gujarat and across Gujarat. Trusted by leading brands. Fast delivery, on-site installation, and warranty support. ગુજરાતમાં શ્રેષ્ઠ ભાવ. અગ્રણી બ્રાન્ડ્સ વિશ્વાસપૂર્વક ઉપયોગ કરે છે.",Create new page (use suggested_url/title/meta)
display fridge price,,,,,,Other,,,,Price,,,/refrigeration/gujarat,Commercial Refrigeration – Best Price in Gujarat (સર્વશ્રેષ્ઠ ભાવ),"Buy Other in Gujarat and across Gujarat. Trusted by leading brands. Fast delivery, on-site installation, and warranty support. ગુજરાતમાં શ્રેષ્ઠ ભાવ. અગ્રણી બ્રાન્ડ્સ વિશ્વાસપૂર્વક ઉપયોગ કરે છે.",Create new page (use suggested_url/title/meta)
deep refrigerator,,,,,,Other,,,,General,,,/refrigeration/gujarat,Commercial Refrigeration – Best Price in Gujarat (સેવા અને સપોર્ટ),"Buy Other in Gujarat and across Gujarat. Trusted by leading brands. Fast delivery, on-site installation, and warranty support. ગુજરાતમાં શ્રેષ્ઠ ભાવ. અગ્રણી બ્રાન્ડ્સ વિશ્વાસપૂર્વક ઉપયોગ કરે છે.",Create new page (use suggested_url/title/meta)
cake display fridge,,,,,,Pastry Counter,,,,General,,,/pastry-counter/gujarat,Pastry Counter – Best Price in Gujarat (સેવા અને સપોર્ટ),"Buy Pastry Counter in Gujarat and across Gujarat. Trusted by leading brands. Fast delivery, on-site installation, and warranty support. ગુજરાતમાં શ્રેષ્ઠ ભાવ. અગ્રણી બ્રાન્ડ્સ વિશ્વાસપૂર્વક ઉપયોગ કરે છે.",Create new page (use suggested_url/title/meta)
western deep freezer customer care number,,,,,,Deep Freezer,Western,,,General,,,/deep-freezer/gujarat,Western Deep Freezer – Best Price in Gujarat (સેવા અને સપોર્ટ),"Buy Western Deep Freezer in Gujarat and across Gujarat. Trusted by leading brands. Fast delivery, on-site installation, and warranty support. ગુજરાતમાં શ્રેષ્ઠ ભાવ. અગ્રણી બ્રાન્ડ્સ વિશ્વાસપૂર્વક ઉપયોગ કરે છે.",Create new page (use suggested_url/title/meta)
d freezer price,,,,,,Deep Freezer,,,,Price,,,/deep-freezer/gujarat,Deep Freezer – Best Price in Gujarat (સર્વશ્રેષ્ઠ ભાવ),"Buy Deep Freezer in Gujarat and across Gujarat. Trusted by leading brands. Fast delivery, on-site installation, and warranty support. ગુજરાતમાં શ્રેષ્ઠ ભાવ. અગ્રણી બ્રાન્ડ્સ વિશ્વાસપૂર્વક ઉપયોગ કરે છે.",Create new page (use suggested_url/title/meta)
glass top deep freezer,,,,,,Deep Freezer,,,,General,,,/deep-freezer/gujarat,Deep Freezer – Best Price in Gujarat (સેવા અને સપોર્ટ),"Buy Deep Freezer in Gujarat and across Gujarat. Trusted by leading brands. Fast delivery, on-site installation, and warranty support. ગુજરાતમાં શ્રેષ્ઠ ભાવ. અગ્રણી બ્રાન્ડ્સ વિશ્વાસપૂર્વક ઉપયોગ કરે છે.",Create new page (use suggested_url/title/meta)
western glass door fridge,,,,,,Other,Western,,,General,,,/refrigeration/gujarat,Western Commercial Refrigeration – Best Price in Gujarat (સેવા અને સપોર્ટ),"Buy Western Other in Gujarat and across Gujarat. Trusted by leading brands. Fast delivery, on-site installation, and warranty support. ગુજરાતમાં શ્રેષ્ઠ ભાવ. અગ્રણી બ્રાન્ડ્સ વિશ્વાસપૂર્વક ઉપયોગ કરે છે.",Create new page (use suggested_url/title/meta)
western chest freezer,,,,,,Deep Freezer,Western,,,General,,,/deep-freezer/gujarat,Western Deep Freezer – Best Price in Gujarat (સેવા અને સપોર્ટ),"Buy Western Deep Freezer in Gujarat and across Gujarat. Trusted by leading brands. Fast delivery, on-site installation, and warranty support. ગુજરાતમાં શ્રેષ્ઠ ભાવ. અગ્રણી બ્રાન્ડ્સ વિશ્વાસપૂર્વક ઉપયોગ કરે છે.",Create new page (use suggested_url/title/meta)
counter fridge,,,,,,Other,,,,General,,,/refrigeration/gujarat,Commercial Refrigeration – Best Price in Gujarat (સેવા અને સપોર્ટ),"Buy Other in Gujarat and across Gujarat. Trusted by leading brands. Fast delivery, on-site installation, and warranty support. ગુજરાતમાં શ્રેષ્ઠ ભાવ. અગ્રણી બ્રાન્ડ્સ વિશ્વાસપૂર્વક ઉપયોગ કરે છે.",Create new page (use suggested_url/title/meta)
western display counter,,,,,,Pastry Counter,Western,,,General,,,/pastry-counter/gujarat,Western Pastry Counter – Best Price in Gujarat (સેવા અને સપોર્ટ),"Buy Western Pastry Counter in Gujarat and across Gujarat. Trusted by leading brands. Fast delivery, on-site installation, and warranty support. ગુજરાતમાં શ્રેષ્ઠ ભાવ. અગ્રણી બ્રાન્ડ્સ વિશ્વાસપૂર્વક ઉપયોગ કરે છે.",Create new page (use suggested_url/title/meta)
vertical freezer,,,,,,Vertical Freezer,,,,General,,,/vertical-freezer/gujarat,Vertical Freezer – Best Price in Gujarat (સેવા અને સપોર્ટ),"Buy Vertical Freezer in Gujarat and across Gujarat. Trusted by leading brands. Fast delivery, on-site installation, and warranty support. ગુજરાતમાં શ્રેષ્ઠ ભાવ. અગ્રણી બ્રાન્ડ્સ વિશ્વાસપૂર્વક ઉપયોગ કરે છે.",Create new page (use suggested_url/title/meta)
deep freezer single door,,,,,,Deep Freezer,,,,General,,,/deep-freezer/gujarat,Deep Freezer – Best Price in Gujarat (સેવા અને સપોર્ટ),"Buy Deep Freezer in Gujarat and across Gujarat. Trusted by leading brands. Fast delivery, on-site installation, and warranty support. ગુજરાતમાં શ્રેષ્ઠ ભાવ. અગ્રણી બ્રાન્ડ્સ વિશ્વાસપૂર્વક ઉપયોગ કરે છે.",Create new page (use suggested_url/title/meta)
vc cooler,,,,,,Visi Cooler,,,,General,,,/visi-cooler/gujarat,Visi Cooler – Best Price in Gujarat (સેવા અને સપોર્ટ),"Buy Visi Cooler in Gujarat and across Gujarat. Trusted by leading brands. Fast delivery, on-site installation, and warranty support. ગુજરાતમાં શ્રેષ્ઠ ભાવ. અગ્રણી બ્રાન્ડ્સ વિશ્વાસપૂર્વક ઉપયોગ કરે છે.",Create new page (use suggested_url/title/meta)
western refrigeration contact number,,,,,,Other,Western,,,General,,,/refrigeration/gujarat,Western Commercial Refrigeration – Best Price in Gujarat (સેવા અને સપોર્ટ),"Buy Western Other in Gujarat and across Gujarat. Trusted by leading brands. Fast delivery, on-site installation, and warranty support. ગુજરાતમાં શ્રેષ્ઠ ભાવ. અગ્રણી બ્રાન્ડ્સ વિશ્વાસપૂર્વક ઉપયોગ કરે છે.",Create new page (use suggested_url/title/meta)
cream bell fridge 380 litre price,,,,,,Other,,,,Price,,,/refrigeration/gujarat,Commercial Refrigeration – Best Price in Gujarat (સર્વશ્રેષ્ઠ ભાવ),"Buy Other in Gujarat and across Gujarat. Trusted by leading brands. Fast delivery, on-site installation, and warranty support. ગુજરાતમાં શ્રેષ્ઠ ભાવ. અગ્રણી બ્રાન્ડ્સ વિશ્વાસપૂર્વક ઉપયોગ કરે છે.",Create new page (use suggested_url/title/meta)
under counter freezer,,,,,,Deep Freezer,,,,General,,,/deep-freezer/gujarat,Deep Freezer – Best Price in Gujarat (સેવા અને સપોર્ટ),"Buy Deep Freezer in Gujarat and across Gujarat. Trusted by leading brands. Fast delivery, on-site installation, and warranty support. ગુજરાતમાં શ્રેષ્ઠ ભાવ. અગ્રણી બ્રાન્ડ્સ વિશ્વાસપૂર્વક ઉપયોગ કરે છે.",Create new page (use suggested_url/title/meta)
cake counter,,,,,,Other,,,,General,,,/refrigeration/gujarat,Commercial Refrigeration – Best Price in Gujarat (સેવા અને સપોર્ટ),"Buy Other in Gujarat and across Gujarat. Trusted by leading brands. Fast delivery, on-site installation, and warranty support. ગુજરાતમાં શ્રેષ્ઠ ભાવ. અગ્રણી બ્રાન્ડ્સ વિશ્વાસપૂર્વક ઉપયોગ કરે છે.",Create new page (use suggested_url/title/meta)
water cooling machine,,,,,,Other,,,,General,,,/refrigeration/gujarat,Commercial Refrigeration – Best Price in Gujarat (સેવા અને સપોર્ટ),"Buy Other in Gujarat and across Gujarat. Trusted by leading brands. Fast delivery, on-site installation, and warranty support. ગુજરાતમાં શ્રેષ્ઠ ભાવ. અગ્રણી બ્રાન્ડ્સ વિશ્વાસપૂર્વક ઉપયોગ કરે છે.",Create new page (use suggested_url/title/meta)
commercial refrigeration,,,,,,Other,,,,General,,,/refrigeration/gujarat,Commercial Refrigeration – Best Price in Gujarat (સેવા અને સપોર્ટ),"Buy Other in Gujarat and across Gujarat. Trusted by leading brands. Fast delivery, on-site installation, and warranty support. ગુજરાતમાં શ્રેષ્ઠ ભાવ. અગ્રણી બ્રાન્ડ્સ વિશ્વાસપૂર્વક ઉપયોગ કરે છે.",Create new page (use suggested_url/title/meta)
western ice cream freezer,,,,,,Deep Freezer,Western,,,General,,,/deep-freezer/gujarat,Western Deep Freezer – Best Price in Gujarat (સેવા અને સપોર્ટ),"Buy Western Deep Freezer in Gujarat and across Gujarat. Trusted by leading brands. Fast delivery, on-site installation, and warranty support. ગુજરાતમાં શ્રેષ્ઠ ભાવ. અગ્રણી બ્રાન્ડ્સ વિશ્વાસપૂર્વક ઉપયોગ કરે છે.",Create new page (use suggested_url/title/meta)
small deep freezer price,,,,,,Deep Freezer,,,,Price,,,/deep-freezer/gujarat,Deep Freezer – Best Price in Gujarat (સર્વશ્રેષ્ઠ ભાવ),"Buy Deep Freezer in Gujarat and across Gujarat. Trusted by leading brands. Fast delivery, on-site installation, and warranty support. ગુજરાતમાં શ્રેષ્ઠ ભાવ. અગ્રણી બ્રાન્ડ્સ વિશ્વાસપૂર્વક ઉપયોગ કરે છે.",Create new page (use suggested_url/title/meta)
cool drinks fridge,,,,,,Other,,,,General,,,/refrigeration/gujarat,Commercial Refrigeration – Best Price in Gujarat (સેવા અને સપોર્ટ),"Buy Other in Gujarat and across Gujarat. Trusted by leading brands. Fast delivery, on-site installation, and warranty support. ગુજરાતમાં શ્રેષ્ઠ ભાવ. અગ્રણી બ્રાન્ડ્સ વિશ્વાસપૂર્વક ઉપયોગ કરે છે.",Create new page (use suggested_url/title/meta)
double door visi cooler,,,,,,Visi Cooler,,,,General,,,/visi-cooler/gujarat,Visi Cooler – Best Price in Gujarat (સેવા અને સપોર્ટ),"Buy Visi Cooler in Gujarat and across Gujarat. Trusted by leading brands. Fast delivery, on-site installation, and warranty support. ગુજરાતમાં શ્રેષ્ઠ ભાવ. અગ્રણી બ્રાન્ડ્સ વિશ્વાસપૂર્વક ઉપયોગ કરે છે.",Create new page (use suggested_url/title/meta)
500 ltr deep freezer,,,,,,Deep Freezer,,,,General,,,/deep-freezer/gujarat,Deep Freezer – Best Price in Gujarat (સેવા અને સપોર્ટ),"Buy Deep Freezer in Gujarat and across Gujarat. Trusted by leading brands. Fast delivery, on-site installation, and warranty support. ગુજરાતમાં શ્રેષ્ઠ ભાવ. અગ્રણી બ્રાન્ડ્સ વિશ્વાસપૂર્વક ઉપયોગ કરે છે.",Create new page (use suggested_url/title/meta)
d freezer 300 litre price,,,,,,Deep Freezer,,,,Price,,,/deep-freezer/gujarat,Deep Freezer – Best Price in Gujarat (સર્વશ્રેષ્ઠ ભાવ),"Buy Deep Freezer in Gujarat and across Gujarat. Trusted by leading brands. Fast delivery, on-site installation, and warranty support. ગુજરાતમાં શ્રેષ્ઠ ભાવ. અગ્રણી બ્રાન્ડ્સ વિશ્વાસપૂર્વક ઉપયોગ કરે છે.",Create new page (use suggested_url/title/meta)
western fridge 380 litre price,,,,,,Other,Western,,,Price,,,/refrigeration/gujarat,Western Commercial Refrigeration – Best Price in Gujarat (સર્વશ્રેષ્ઠ ભાવ),"Buy Western Other in Gujarat and across Gujarat. Trusted by leading brands. Fast delivery, on-site installation, and warranty support. ગુજરાતમાં શ્રેષ્ઠ ભાવ. અગ્રણી બ્રાન્ડ્સ વિશ્વાસપૂર્વક ઉપયોગ કરે છે.",Create new page (use suggested_url/title/meta)
